date,cpi_yoy,remittances,pkr_usd,cpi_yoy_diff,remittances_diff,pkr_usd_diff,remittances_diff2
2016-07-31,3.17,1360.3,104.73875,,,,
2016-08-31,2.8,1767.7,104.622119,-0.3700000000000001,26.197400290245287,-0.11141624757495805,
2016-09-30,3.23,1612.4,104.539576,0.43000000000000016,-9.19555142988262,-0.07892745780724297,-35.39295172012791
2016-10-31,4.19,1561.0,104.598489,0.9600000000000004,-3.239711072757867,0.05633886070262051,5.955840357124753
2016-11-30,4.69,1618.4,104.693531,0.5,3.6111365338103774,0.09082238924653652,6.850847606568244
2016-12-31,4.08,1585.4,104.72481,-0.6100000000000003,-2.0601265450480355,0.029872264371100243,-5.671263078858413
2017-01-31,4.53,1488.4,104.730126,0.4500000000000002,-6.313502393058812,0.005076032203099601,-4.253375848010776
2017-02-28,5.04,1417.1,104.720417,0.5099999999999998,-4.908918764164305,-0.009270923691939714,1.4045836288945068
2017-03-31,6.14,1694.5,104.741682,1.0999999999999996,17.877518221628108,0.02030438936166945,22.786436985792413
2017-04-30,6.91,1538.9,104.7474,0.7700000000000005,-9.631983657729926,0.005458995711737913,-27.509501879358034
2017-05-31,6.36,1867.2,104.738087,-0.5499999999999998,19.33721070624852,-0.008891308070602122,28.969194363978445
2017-06-30,6.54,1840.3,104.770211,0.17999999999999972,-1.4511380741142332,0.030666088702346883,-20.788348780362753
2017-07-31,3.86,1555.7,105.424984,-2.68,-16.800299669807384,0.623016256782094,-15.34916159569315
2017-08-31,4.39,1975.0,105.307931,0.5299999999999998,23.86427932421471,-0.11109134236404472,40.664578994022094
2017-09-30,4.66,1314.1,105.32069,0.27000000000000046,-40.74163776856299,0.01211516265460233,-64.6059170927777
2017-10-31,4.83,1677.0,105.33906,0.16999999999999993,24.38544621736165,0.017440446071503857,65.12708398592464
2017-11-30,5.03,1596.5,105.362649,0.20000000000000018,-4.919274966837239,0.022390895840818104,-29.30472118419889
2017-12-31,5.61,1745.8,108.697368,0.5800000000000001,8.939917014641274,3.1159380914568935,13.859191981478514
2018-01-31,5.24,1662.3,110.403041,-0.3700000000000001,-4.9010717759835565,1.5570098350934813,-13.84098879062483
2018-02-28,4.46,1473.1,110.434192,-0.7800000000000002,-12.083316172052161,0.028211728414984094,-7.182244396068604
2018-03-31,3.59,1803.6,112.068851,-0.8700000000000001,20.241564372603715,1.4693627452997404,32.324880544655876
2018-04-30,3.96,1678.9,115.421634,0.3700000000000001,-7.164585050457717,2.947838268383407,-27.406149423061432
2018-05-31,4.98,1804.1,115.44688,1.0200000000000005,7.192303541640488,0.021870457485295702,14.356888592098205
2018-06-30,5.67,1627.7,118.905517,0.6899999999999995,-10.289387706130437,2.951869220737091,-17.481691247770925
2018-07-31,6.66,1974.35,124.353414,0.9900000000000002,19.307125484384535,4.479842168062476,29.596513190514973
2018-08-31,6.17,2083.08,123.789583,-0.4900000000000002,5.360833742715965,-0.4544411707397167,-13.94629174166857
2018-09-30,5.42,1480.3,124.081628,-0.75,-34.16027977490117,0.23564264196664908,-39.52111351761714
2018-10-31,6.5,2052.55,130.383058,1.08,32.68381526463564,4.953707838931987,66.84409503953681
2018-11-30,5.66,1657.0,133.504122,-0.8399999999999999,-21.407418413923995,2.3655636029227267,-54.09123367855963
2018-12-31,5.37,1740.54,138.471259,-0.29000000000000004,4.918667146260347,3.653043407929868,26.326085560184342
2019-01-31,5.55,1735.85,138.695078,0.17999999999999972,-0.26982029319970735,0.161505218182878,-5.188487439460054
2019-02-28,6.75,1573.68,138.530726,1.2000000000000002,-9.808038133369568,-0.11856906311269455,-9.53821784016986
2019-03-31,8.64,1733.5,139.166346,1.8900000000000006,9.67256605016047,0.457780203039615,19.480604183530037
2019-04-30,8.27,1770.17,141.164561,-0.370000000000001,2.093310102849255,1.4256357709489187,-7.579255947311214
2019-05-31,8.42,2302.02,145.69225,0.15000000000000036,26.271141118782282,3.157021115906211,24.177831015933027
2019-06-30,8.04,1636.37,155.249095,-0.3800000000000008,-34.13066243801346,6.3534371191948935,-60.40180355679574
2019-07-31,8.38,2028.28,158.829694,0.34000000000000163,21.470776928057944,2.2801629768002485,55.6014393660714
2019-08-31,10.49,1683.95,158.077024,2.1099999999999994,-18.604591909176005,-0.47501133456142597,-40.07536883723395
2019-09-30,11.38,1740.25,156.176407,0.8900000000000006,3.288655689869735,-1.2096225447985276,21.89324759904574
2019-10-31,11.04,2001.22,155.949085,-0.34000000000000163,13.972821351893305,-0.14566066919812215,10.68416566202357
2019-11-30,12.67,1821.45,155.367457,1.6300000000000008,-9.412410739977073,-0.373657418257789,-23.385232091870378
2019-12-31,12.63,2097.07,154.920011,-0.03999999999999915,14.090824519735357,-0.2884075937934938,23.50323525971243
2020-01-31,14.56,1906.98,154.656144,1.9299999999999997,-9.502029349684804,-0.17046988900011328,-23.59285386942016
2020-02-29,12.4,1824.83,154.263358,-2.16,-4.403400687557735,-0.2542968049123573,5.098628662127069
2020-03-31,10.24,1904.68,158.44718,-2.16,4.282718345525804,2.676002985430781,8.68611903308354
2020-04-30,8.52,1785.1,164.437274,-1.7200000000000006,-6.483957939461771,3.7107895851081985,-10.766676284987575
2020-05-31,8.23,1865.23,160.076694,-0.28999999999999915,4.390993381736408,-2.687614652889714,10.874951321198179
2020-06-30,8.59,2473.27,165.103864,0.35999999999999943,28.215679182559228,3.092171676148414,23.82468580082282
2020-07-31,9.3,2764.960828,166.762519,0.7100000000000009,11.148530607101126,0.9996003789615848,-17.067148575458102
2020-08-31,8.21,2096.213734,167.706397,-1.0899999999999999,-27.689373419712116,0.5644055160149541,-38.83790402681324
2020-09-30,9.03,2285.022573,165.854091,0.8199999999999985,8.624316948377508,-1.1106381643064545,36.313690368089624
2020-10-31,8.91,2284.10714,162.799992,-0.11999999999999922,-0.04007034467177206,-1.8586027528101567,-8.66438729304928
2020-11-30,8.35,2332.147257,159.21225,-0.5600000000000005,2.0814213095748713,-2.2284186742211887,2.1214916542466433
2020-12-31,7.98,2421.721535,160.079514,-0.3699999999999992,3.7689252637282955,0.5432436602682778,1.6875039541534242
2021-01-31,5.7,2268.742601,160.153552,-2.2800000000000002,-6.525290759981672,0.046240072734526905,-10.294216023709968
2021-02-28,8.7,2260.322735,159.131343,2.999999999999999,-0.37181515723396785,-0.6403137189180619,6.153475602747704
2021-03-31,9.1,2723.218474,156.029765,0.40000000000000036,18.630683711842888,-1.9683127495685682,19.002498869076856
2021-04-30,11.1,2792.557929,153.076852,2.0,2.5143552935658064,-1.9106694396053392,-16.11632841827708
2021-05-31,10.86176628,2506.658351,153.29278,-0.2382337200000002,-10.80074643723119,0.14095916383327634,-13.315101730796997
2021-06-30,9.655669291,2714.234446,156.163793,-1.2060969889999988,7.95594097490282,1.855572398676042,18.75668741213401
2021-07-31,8.405968385,2736.077681,159.601571,-1.249700906000001,0.801544991866443,2.177511676527999,-7.154395983036377
2021-08-31,8.353519783,2682.62743,164.099741,-0.05244860200000012,-1.9728692947339255,2.7793891463229414,-2.7744142866003685
2021-09-30,8.979178716,2779.892769,168.05674,0.6256589330000004,3.561565606818018,2.3827240688936158,5.534434901551943
2021-10-31,9.2,2628.586368,171.694793,0.22082128399999945,-5.596615563471996,2.141678081549614,-9.158181170290014
2021-11-30,11.5,2459.709253,173.025502,2.3000000000000007,-6.640304589983348,0.7720552745236198,-1.0436890265113519
2021-12-31,12.28169814,2520.352433,177.176357,0.7816981399999996,2.4355592987797436,2.370660972254779,9.075863888763092
2022-01-31,12.96243597,2180.433945,176.310845,0.68073783,-14.487483177853733,-0.4897001785234778,-16.923042476633476
2022-02-28,12.24404221,2196.168428,175.482276,-0.7183937599999997,0.7190304007066217,-0.471055562292122,15.206513578560354
2022-03-31,12.7,2834.767043,179.617273,0.45595778999999936,25.524554368389474,2.3290279723609864,24.805523967682852
2022-04-30,13.37790337,3124.369515,184.481334,0.677903370000001,9.72727456109217,2.671996155421219,-15.797279807297304
2022-05-31,13.8,2346.240221,195.500402,0.4220966300000004,-28.64183666506941,5.801414805852012,-38.36911122616158
2022-06-30,21.3,2789.577806,204.367422,7.5,17.30761193859509,4.435702637570493,45.9494486036645
2022-07-31,24.9,2594.295739,219.437089,3.599999999999998,-7.257517210595221,7.11461188912379,-24.565129149190312
2022-08-31,27.3,2815.673902,220.886305,2.400000000000002,8.188654148130237,0.6582531169531336,15.446171358725458
2022-09-30,23.2,2487.225612,230.4658621,-4.100000000000001,-12.403375251094584,4.245463565486851,-20.59202939922482
2022-10-31,26.6,2247.62424,220.57243,3.400000000000002,-10.129411219779794,-4.387662610609144,2.27396403131479
2022-11-30,23.8,2173.036496,222.3104544,-2.8000000000000007,-3.3748268687665117,0.7848726529892325,6.754584351013282
2022-12-31,24.5,2099.787498,224.762406,0.6999999999999993,-3.42893481666362,1.0969022734002465,-0.05410794789710849
2023-01-31,27.6,1900.087935,234.1359524,3.1000000000000014,-9.993598150022542,4.085806887047383,-6.564663333358922
2023-02-28,31.5,1990.345686,266.6764367,3.8999999999999986,4.640816852770158,13.013413614476566,14.6344150027927
2023-03-31,35.4,2536.682781,280.2024795,3.8999999999999986,24.25489005396413,4.947640694648037,19.61407320119397
2023-04-30,36.4,2198.302053,284.9456592,1.0,-14.317196746075656,1.6786009715074712,-38.572086800039784
2023-05-31,38.0,2102.666259,285.4859718,1.6000000000000014,-4.447908173509152,0.18943997219791342,9.869288572566504
2023-06-30,29.4,2187.080838,286.5840653,-8.600000000000001,3.9361517422602965,0.38390224183615373,8.384059915769448
2023-07-31,28.3,2029.041389,281.007205,-1.0999999999999979,-7.500424462027322,-1.9651605181144838,-11.436576204287618
2023-08-31,27.4,2094.507,293.8080564,-0.9000000000000021,3.1754744131577084,4.45463751644759,10.67589887518503
2023-09-30,31.4,2208.130749,297.7541724,4.0,5.282813920847307,1.3341536496560558,2.1073395076895984
2023-10-31,26.8,2463.117162,280.3567571,-4.599999999999998,10.928134413129698,-6.020529658420504,5.645320492282391
2023-11-30,29.2,2258.544029,285.5207225,2.3999999999999986,-8.670731610562132,1.8251684998165096,-19.59886602369183
2023-12-31,29.7,2381.853131,283.2960707,0.5,5.315844046170604,-0.7822072658520973,13.986575656732736
2024-01-31,28.3,2397.870065,280.3206113,-1.3999999999999986,0.6702059218356204,-1.0558548523222022,-4.645638124334983
2024-02-29,23.1,2250.147228,279.1816697,-5.199999999999999,-6.358522165775415,-0.40712726716742864,-7.028728087611036
2024-03-31,20.7,2953.980816,278.7049655,-2.400000000000002,27.215804110076736,-0.1708964818091907,33.57432627585215
2024-04-30,17.3,2813.267052,278.1424501,-3.3999999999999986,-4.8807229896426385,-0.20203580930182596,-32.096527099719374
2024-05-31,11.8,3242.226877,278.2500821,-5.5,14.191394148592718,0.03868923291152626,19.072117138235356
2024-06-30,12.6,3158.138862,278.4387221,0.7999999999999989,-2.6277515064826673,0.06777215772872935,-16.819145655075385
2024-07-31,11.1,2993.99974,278.3912397,-1.5,-5.337268721059729,-0.01705454209455226,-2.709517214577062
2024-08-31,9.6,2942.812184,278.540312,-1.5,-1.7244549815115917,0.05353343803387034,3.6128137395481374
2024-09-30,6.9,2859.516117,278.2436207,-2.6999999999999993,-2.871322868456705,-0.10657323627958348,-1.1468678869451132
2024-10-31,7.2,3054.550962,277.6704048,0.2999999999999998,6.598017654747412,-0.20622473147184905,9.469340523204117
2024-11-30,4.9,2915.348668,277.8093268,-2.3,-4.664317289151754,0.05001874775754089,-11.262334943899166
2024-12-31,4.1,3080.397524,278.1203612,-0.8000000000000007,5.506923057756019,0.11189703991973943,10.171240346907773
2025-01-31,2.4,3003.375873,278.6442633,-1.6999999999999997,-2.5321707888149803,0.1881952378342433,-8.039093846571
2025-02-28,1.5,3126.670931,279.304265,-0.8999999999999999,4.023189120559856,0.23658168249021116,6.555359909374836
2025-03-31,0.7,4053.579523,280.0836116,-0.8,25.963148539932845,0.2786428297252286,21.93995941937299
2025-04-30,0.3,3176.93,281.6662931,-0.39999999999999997,-24.368500192786513,0.5634840965548449,-50.33164873271936
2025-05-31,3.5,3685.588476,281.6662931,3.2,14.851488619122932,0.0,39.219988811909445
2025-06-30,3.2,3406.389361,283.0001359,-0.2999999999999998,-7.877731595746873,0.47243654391406764,-22.729220214869805
2025-07-31,4.1,3214.514462,284.2132955,0.8999999999999995,-5.797656833515141,0.4277618909248382,2.0800747622317317
2025-08-31,3.1,3138.174787,282.2447321,-0.9999999999999996,-2.4034970691324986,-0.695045785918591,3.3941597643826427
2025-09-30,5.8,3184.123961,281.6472727,2.6999999999999997,1.453584681204667,-0.21190569062286002,3.8570817503371657
2025-10-31,6.2,3419.61361,281.2675932,0.40000000000000036,7.135036546051943,-0.1348976836735183,5.681451864847276
2025-11-30,6.1,3188.337716,280.8729821,-0.10000000000000053,-7.0027876341642425,-0.14039590172174599,-14.137824180216185
2025-12-31,5.6,3592.442722,280.5409602,-0.5,11.933270625415382,-0.11828061745280394,18.936058259579625
2026-01-31,5.8,3464.468094,280.1535223,0.20000000000000018,-3.6273282439028165,-0.13819931308631794,-15.560598869318198
2026-02-28,7.0,3287.872847,279.8070073,1.2000000000000002,-5.231830802398818,-0.12376409618690687,-1.6045025584960015
2026-03-31,7.3,3831.405102,279.5112857,0.2999999999999998,15.299079866692544,-0.10574359224673202,20.530910669091362
2026-04-30,10.9,3537.025479,279.175974,3.6000000000000005,-7.994548951636382,-0.12003557784412422,-23.293628818328926
2026-05-31,11.7,4252.157161,278.8445378,0.7999999999999989,18.414030770199652,-0.11878998422663045,26.408579721836034
2026-06-30,11.1,3474.556764,278.5795536,-0.5999999999999996,-20.19595005082202,-0.09507454882147215,-38.60998082102167
2026-07-31,9.2,3631.044564,278.2380682,-1.9000000000000004,4.405344460634275,-0.12265611914665797,24.601294511456295
